id;session_id;created_at;last_active_at;ip_address;user_agent
1;utterly down pacemaker;2025-04-26T12:39:57;2025-04-26T07:30:12;intend;flu soft spanish
2;quarrelsome under;2025-04-26T12:17:04;2025-04-26T05:45:59;regularly toward;footrest
3;roundabout;2025-04-25T15:36:02;2025-04-26T02:36:56;atop;yahoo oh selfishly
4;lest atop unlawful;2025-04-26T09:34:08;2025-04-25T17:46:24;modulo so;after unruly pfft
5;as;2025-04-26T09:31:40;2025-04-26T00:06:58;gradient;swordfish wilderness
6;provided intrigue revitalise;2025-04-25T14:16:52;2025-04-26T05:26:39;dirty;at ah
7;powerfully;2025-04-25T21:21:39;2025-04-25T21:29:14;outside;mmm order successfully
8;democratize jell um;2025-04-26T08:03:55;2025-04-25T23:48:33;lined;preside out infinite
9;innocently so dirty;2025-04-26T03:15:29;2025-04-26T09:19:36;nor boulevard gee;plus
10;psst behind or;2025-04-25T21:26:17;2025-04-26T02:51:40;rightfully loyally;frugal aw fraternise
